15동 401호(칸막이),26
15동 401호(칸막이),32
15동 401호(칸막이),34
15동 401호(칸막이),37
15동 401호(칸막이),39
15동 401호(평상),3
15동 401호(평상),6
15동 401호(평상),9
15동 401호(평상),10
15동 401호(평상),12
15동 401호(평상),16
15동 401호(평상),22
15동 401호(평상),24
15동 401호(평상),43
15동 401호(평상),44
15동 401호(평상),46
15동 401호(평상),50
15동 401호(평상),52
15동 401호(평상),53
15동 401호(평상),55
15동 401호(평상),58
15동 401호(평상),59
15동 401호(평상),62
15동 401호(평상),64
15동 401호(평상),66
15동 401호(평상),74
국산(칸막이),32
법오 큰방(칸막이),18
법오 큰방(칸막이),72
법오 큰방(칸막이),76
법오 큰방(칸막이),91
법오 큰방(칸막이),112
법오 큰방(칸막이),114
법오 큰방(칸막이),126
법오 큰방(칸막이),130
법오 큰방(칸막이),131
법오 큰방(칸막이),134
법오 큰방(칸막이),135
법오 큰방(칸막이),136
법오 큰방(칸막이),139
법오 큰방(칸막이),140
법오 큰방(칸막이),146
법오 큰방(칸막이),149
법오 큰방(칸막이),157
법오 큰방(칸막이),162
법오 큰방(칸막이),163
법오 큰방(칸막이),164
법오 큰방(칸막이),175
법오 큰방(칸막이),177
법오 큰방(칸막이),187
법오 큰방(칸막이),197
법오 큰방(칸막이),199
법오 큰방(칸막이),200
법오 큰방(칸막이),207
법오 큰방(칸막이),210
법오 큰방(칸막이),211
법오 큰방(칸막이),212
법오 큰방(칸막이),214
